﻿BJS,SHA
SHA,BJS
BJS,CGO
CGO,BJS
BJS,CAN
CAN,BJS
BJS,CTU
CTU,BJS
BJS,NKG
NKG,BJS
BJS,WUH
WUH,BJS
BJS,SIA
SIA,BJS
BJS,HGH
HGH,BJS
BJS,TNA
TNA,BJS
BJS,CKG
CKG,BJS
BJS,SZX
SZX,BJS
BJS,CSX
CSX,BJS
BJS,TSN
TSN,BJS
BJS,SHE
SHE,BJS
BJS,HFE
HFE,BJS
BJS,KMG
KMG,BJS
BJS,TAO
TAO,BJS
BJS,SJW
SJW,BJS
BJS,XMN
XMN,BJS
SHA,CGO
CGO,SHA
SHA,CAN
CAN,SHA
SHA,CTU
CTU,SHA
SHA,NKG
NKG,SHA
SHA,WUH
WUH,SHA
SHA,SIA
SIA,SHA
SHA,HGH
HGH,SHA
SHA,TNA
TNA,SHA
SHA,CKG
CKG,SHA
SHA,SZX
SZX,SHA
SHA,CSX
CSX,SHA
SHA,TSN
TSN,SHA
SHA,SHE
SHE,SHA
SHA,HFE
HFE,SHA
SHA,KMG
KMG,SHA
SHA,TAO
TAO,SHA
SHA,SJW
SJW,SHA
SHA,XMN
XMN,SHA
CGO,CAN
CAN,CGO
CGO,CTU
CTU,CGO
CGO,NKG
NKG,CGO
CGO,WUH
WUH,CGO
CGO,SIA
SIA,CGO
CGO,HGH
HGH,CGO
CGO,TNA
TNA,CGO
CGO,CKG
CKG,CGO
CGO,SZX
SZX,CGO
CGO,CSX
CSX,CGO
CGO,TSN
TSN,CGO
CGO,SHE
SHE,CGO
CGO,HFE
HFE,CGO
CGO,KMG
KMG,CGO
CGO,TAO
TAO,CGO
CGO,SJW
SJW,CGO
CGO,XMN
XMN,CGO
CAN,CTU
CTU,CAN
CAN,NKG
NKG,CAN
CAN,WUH
WUH,CAN
CAN,SIA
SIA,CAN
CAN,HGH
HGH,CAN
CAN,TNA
TNA,CAN
CAN,CKG
CKG,CAN
CAN,SZX
SZX,CAN
CAN,CSX
CSX,CAN
CAN,TSN
TSN,CAN
CAN,SHE
SHE,CAN
CAN,HFE
HFE,CAN
CAN,KMG
KMG,CAN
CAN,TAO
TAO,CAN
CAN,SJW
SJW,CAN
CAN,XMN
XMN,CAN
CTU,NKG
NKG,CTU
CTU,WUH
WUH,CTU
CTU,SIA
SIA,CTU
CTU,HGH
HGH,CTU
CTU,TNA
TNA,CTU
CTU,CKG
CKG,CTU
CTU,SZX
SZX,CTU
CTU,CSX
CSX,CTU
CTU,TSN
TSN,CTU
CTU,SHE
SHE,CTU
CTU,HFE
HFE,CTU
CTU,KMG
KMG,CTU
CTU,TAO
TAO,CTU
CTU,SJW
SJW,CTU
CTU,XMN
XMN,CTU
NKG,WUH
WUH,NKG
NKG,SIA
SIA,NKG
NKG,HGH
HGH,NKG
NKG,TNA
TNA,NKG
NKG,CKG
CKG,NKG
NKG,SZX
SZX,NKG
NKG,CSX
CSX,NKG
NKG,TSN
TSN,NKG
NKG,SHE
SHE,NKG
NKG,HFE
HFE,NKG
NKG,KMG
KMG,NKG
NKG,TAO
TAO,NKG
NKG,SJW
SJW,NKG
NKG,XMN
XMN,NKG
WUH,SIA
SIA,WUH
WUH,HGH
HGH,WUH
WUH,TNA
TNA,WUH
WUH,CKG
CKG,WUH
WUH,SZX
SZX,WUH
WUH,CSX
CSX,WUH
WUH,TSN
TSN,WUH
WUH,SHE
SHE,WUH
WUH,HFE
HFE,WUH
WUH,KMG
KMG,WUH
WUH,TAO
TAO,WUH
WUH,SJW
SJW,WUH
WUH,XMN
XMN,WUH
SIA,HGH
HGH,SIA
SIA,TNA
TNA,SIA
SIA,CKG
CKG,SIA
SIA,SZX
SZX,SIA
SIA,CSX
CSX,SIA
SIA,TSN
TSN,SIA
SIA,SHE
SHE,SIA
SIA,HFE
HFE,SIA
SIA,KMG
KMG,SIA
SIA,TAO
TAO,SIA
SIA,SJW
SJW,SIA
SIA,XMN
XMN,SIA
HGH,TNA
TNA,HGH
HGH,CKG
CKG,HGH
HGH,SZX
SZX,HGH
HGH,CSX
CSX,HGH
HGH,TSN
TSN,HGH
HGH,SHE
SHE,HGH
HGH,HFE
HFE,HGH
HGH,KMG
KMG,HGH
HGH,TAO
TAO,HGH
HGH,SJW
SJW,HGH
HGH,XMN
XMN,HGH
TNA,CKG
CKG,TNA
TNA,SZX
SZX,TNA
TNA,CSX
CSX,TNA
TNA,TSN
TSN,TNA
TNA,SHE
SHE,TNA
TNA,HFE
HFE,TNA
TNA,KMG
KMG,TNA
TNA,TAO
TAO,TNA
TNA,SJW
SJW,TNA
TNA,XMN
XMN,TNA
CKG,SZX
SZX,CKG
CKG,CSX
CSX,CKG
CKG,TSN
TSN,CKG
CKG,SHE
SHE,CKG
CKG,HFE
HFE,CKG
CKG,KMG
KMG,CKG
CKG,TAO
TAO,CKG
CKG,SJW
SJW,CKG
CKG,XMN
XMN,CKG
SZX,CSX
CSX,SZX
SZX,TSN
TSN,SZX
SZX,SHE
SHE,SZX
SZX,HFE
HFE,SZX
SZX,KMG
KMG,SZX
SZX,TAO
TAO,SZX
SZX,SJW
SJW,SZX
SZX,XMN
XMN,SZX
CSX,TSN
TSN,CSX
CSX,SHE
SHE,CSX
CSX,HFE
HFE,CSX
CSX,KMG
KMG,CSX
CSX,TAO
TAO,CSX
CSX,SJW
SJW,CSX
CSX,XMN
XMN,CSX
TSN,SHE
SHE,TSN
TSN,HFE
HFE,TSN
TSN,KMG
KMG,TSN
TSN,TAO
TAO,TSN
TSN,SJW
SJW,TSN
TSN,XMN
XMN,TSN
SHE,HFE
HFE,SHE
SHE,KMG
KMG,SHE
SHE,TAO
TAO,SHE
SHE,SJW
SJW,SHE
SHE,XMN
XMN,SHE
HFE,KMG
KMG,HFE
HFE,TAO
TAO,HFE
HFE,SJW
SJW,HFE
HFE,XMN
XMN,HFE
KMG,TAO
TAO,KMG
KMG,SJW
SJW,KMG
KMG,XMN
XMN,KMG
TAO,SJW
SJW,TAO
TAO,XMN
XMN,TAO
SJW,XMN
XMN,SJW
