{
  "id": "1636257",
  "name": "深圳可视化城市空间数字平台",
  "font_family": "iconfont",
  "css_prefix_text": "icon-",
  "description": "",
  "glyphs": [
    {
      "icon_id": "13244345",
      "name": "zoomout",
      "font_class": "zoomout",
      "unicode": "e639",
      "unicode_decimal": 58937
    },
    {
      "icon_id": "13244344",
      "name": "zoomin",
      "font_class": "zoomin",
      "unicode": "e638",
      "unicode_decimal": 58936
    },
    {
      "icon_id": "13244264",
      "name": "primary",
      "font_class": "primary",
      "unicode": "e637",
      "unicode_decimal": 58935
    },
    {
      "icon_id": "4417711",
      "name": "ic_arrow_drop_down",
      "font_class": "ic_arrow_drop_down",
      "unicode": "e621",
      "unicode_decimal": 58913
    },
    {
      "icon_id": "4417712",
      "name": "ic_arrow_drop_up",
      "font_class": "ic_arrow_drop_up",
      "unicode": "e622",
      "unicode_decimal": 58914
    },
    {
      "icon_id": "13053216",
      "name": "arrow_up",
      "font_class": "arrow_up",
      "unicode": "e635",
      "unicode_decimal": 58933
    },
    {
      "icon_id": "13053217",
      "name": "arrow_down",
      "font_class": "arrow_down",
      "unicode": "e636",
      "unicode_decimal": 58934
    },
    {
      "icon_id": "13031473",
      "name": "zhengcefagui",
      "font_class": "zhengcefagui",
      "unicode": "e670",
      "unicode_decimal": 58992
    },
    {
      "icon_id": "13031474",
      "name": "hangyedongtai",
      "font_class": "hangyedongtai",
      "unicode": "e671",
      "unicode_decimal": 58993
    },
    {
      "icon_id": "13031475",
      "name": "pingtaitongzhi",
      "font_class": "pingtaitongzhi",
      "unicode": "e672",
      "unicode_decimal": 58994
    },
    {
      "icon_id": "13027574",
      "name": "download2",
      "font_class": "download1",
      "unicode": "e66e",
      "unicode_decimal": 58990
    },
    {
      "icon_id": "13027575",
      "name": "close",
      "font_class": "close",
      "unicode": "e66f",
      "unicode_decimal": 58991
    },
    {
      "icon_id": "13027107",
      "name": "mail",
      "font_class": "mail",
      "unicode": "e66d",
      "unicode_decimal": 58989
    },
    {
      "icon_id": "13007146",
      "name": "phone",
      "font_class": "phone",
      "unicode": "e66c",
      "unicode_decimal": 58988
    },
    {
      "icon_id": "13007142",
      "name": "reverse",
      "font_class": "reverse",
      "unicode": "e631",
      "unicode_decimal": 58929
    },
    {
      "icon_id": "13007143",
      "name": "sequence",
      "font_class": "sequence",
      "unicode": "e634",
      "unicode_decimal": 58932
    },
    {
      "icon_id": "13007115",
      "name": "list",
      "font_class": "list",
      "unicode": "e630",
      "unicode_decimal": 58928
    },
    {
      "icon_id": "13007117",
      "name": "card",
      "font_class": "card",
      "unicode": "e632",
      "unicode_decimal": 58930
    },
    {
      "icon_id": "13007118",
      "name": "download",
      "font_class": "download",
      "unicode": "e633",
      "unicode_decimal": 58931
    },
    {
      "icon_id": "13006873",
      "name": "diloufangbianma",
      "font_class": "diloufangbianma",
      "unicode": "e665",
      "unicode_decimal": 58981
    },
    {
      "icon_id": "13006874",
      "name": "lujingyunsuan",
      "font_class": "lujingyunsuan",
      "unicode": "e666",
      "unicode_decimal": 58982
    },
    {
      "icon_id": "13006875",
      "name": "tuopuyunsuan",
      "font_class": "tuopuyunsuan",
      "unicode": "e667",
      "unicode_decimal": 58983
    },
    {
      "icon_id": "13006876",
      "name": "dilibianma",
      "font_class": "dilibianma",
      "unicode": "e668",
      "unicode_decimal": 58984
    },
    {
      "icon_id": "13006877",
      "name": "geshizhuanhuan",
      "font_class": "geshizhuanhuan",
      "unicode": "e669",
      "unicode_decimal": 58985
    },
    {
      "icon_id": "13006878",
      "name": "zuobiaozhuanhuan",
      "font_class": "zuobiaozhuanhuan",
      "unicode": "e66a",
      "unicode_decimal": 58986
    },
    {
      "icon_id": "13006879",
      "name": "zaixianzhitu",
      "font_class": "zaixianzhitu",
      "unicode": "e66b",
      "unicode_decimal": 58987
    }
  ]
}
