{
  "data":[{
    "id": "1",
    "name": "音乐学院",
    "area": "100平方米",
    "year": "2001年6月",
    "address":"湖北省黄石市黄石港区磁湖路11号湖北师范大学",
    "info":"湖北省黄石市黄石港区磁湖路11号湖北师范大学湖北省黄石市黄石港区磁湖路11号湖北师范大学湖北省黄石市黄石港区磁湖路11号湖北师范大学",
    "lng":115.056971,
    "lat":30.231143
  },{
    "id": "2",
    "name": "体育训练馆",
    "area": "330平方米",
    "year": "2002年6月",
    "address":"湖北省黄石市黄石港区磁湖路11号湖北师范大学",
    "info":"湖北省黄石市黄石港区磁湖路11号湖北师范大学湖北省黄石市黄石港区磁湖路11号湖北师范大学湖北省黄石市黄石港区磁湖路11号湖北师范大学",
    "lng":115.066280,
    "lat":30.230421
  },{
    "id": "3",
    "name": "湖北师范大学图书馆",
    "area": "200平方米",
    "year": "2003年6月",
    "address":"湖北省黄石市黄石港区磁湖路11号湖北师范大学",
    "info":"湖北省黄石市黄石港区磁湖路11号湖北师范大学湖北省黄石市黄石港区磁湖路11号湖北师范大学湖北省黄石市黄石港区磁湖路11号湖北师范大学",
    "lng":115.065270,
    "lat":30.230091
  }]
}